<?xml version="1.0" encoding="UTF-8"?>
<project-private xmlns="http://www.netbeans.org/ns/project-private/1">
    <editor-bookmarks xmlns="http://www.netbeans.org/ns/editor-bookmarks/2" lastBookmarkId="0"/>
    <open-files xmlns="http://www.netbeans.org/ns/projectui-open-files/2">
        <group>
            <file>file:/home/miguel/Documents/EngInf/IHC/Trabalho/IHCRM/src/ihcrm/IHCRM.java</file>
            <file>file:/home/miguel/Documents/EngInf/IHC/Trabalho/IHCRM/src/ihcrm/FXMLDocumentController.java</file>
            <file>file:/home/miguel/Documents/EngInf/IHC/Trabalho/IHCRM/src/ihcrm/FXMLDocument.fxml</file>
            <file>file:/home/miguel/Documents/EngInf/IHC/Trabalho/IHCRM/src/ihcrm/AmbTrabController.java</file>
            <file>file:/home/miguel/Documents/EngInf/IHC/Trabalho/IHCRM/src/ihcrm/AmbTrab.fxml</file>
        </group>
    </open-files>
</project-private>
